id,diaSemana,arribo,inicioAtencionCaja,finPedido,finPago,metodoPago,observacion
Tucst2dNbtWouafaG5hu,viernes,14:09:50.504000,"14:09:58,469","14:10:24,167","14:10:37,164",efectivo,
6O3QJR9z4l3VlNoadwZD,viernes,14:12:11.054000,"14:12:24,252","14:13:36,263","14:14:25,257",efectivo,
BbQGTUmTLqUjUzTpAICE,viernes,12:50:42.376000,"12:50:45,626","12:50:49,587","12:52:01,412",efectivo,
F847ERZyFrcAH17Etskd,viernes,13:33:21.808000,"13:33:31,887","13:33:42,750","13:33:59,584",efectivo,
G4pSDThgT7NDVLWIEbYq,viernes,14:19:16.335000,"14:20:21,467","14:20:29,275","14:21:16,901",efectivo,
GQxpcXYX89wIReprYicZ,viernes,14:05:16.395000,"14:05:23,884","14:05:29,313","14:05:37,547",efectivo,
HGkM4bWI6hnnnpuWDYPz,viernes,13:16:40.605000,"13:16:50,280","13:16:59,991","13:17:23,559",efectivo,
I9Q3RdSti853bfYu1fpe,viernes,13:35:07.174000,"13:36:28,405","13:36:30,323","13:36:35,974",efectivo,La cajera se puso a hacer pedidos y no ateniend
Mbs7hBZJBAifos576mp3,viernes,13:42:19.644000,"13:42:30,236","13:42:38,663","13:42:42,948",efectivo,
NhXqC3HNyeuGECx4xE8E,viernes,13:30:13.038000,"13:30:52,266","13:31:44,525","13:32:41,876",efectivo,
Or6z63305LwmfsTxqqg4,viernes,14:24:53.104000,"14:24:54,605","14:25:20,227","14:26:24,054",efectivo,
Ql6s1OHNE8Z3N3wUYnzB,viernes,13:55:35.137000,"13:55:51,995","13:56:10,388","13:56:14,537",efectivo,
Tz4dyCJaAKmtrHwgPIJ7,viernes,13:35:23.584000,"13:36:40,562","13:36:55,170","13:37:33,919",efectivo,
ZFjpzmsMQQz2Jcupadb3,viernes,13:46:44.422000,"13:47:10,853","13:47:27,482","13:47:34,215",efectivo,
Zkj72yZa7j2cBUAKvu9s,viernes,13:14:31.266000,"13:14:32,561","13:14:39,371","13:15:00,046",efectivo,
ZlCdzaMz23RPfC6NaSro,viernes,13:51:04.081000,"13:51:29,714","13:51:48,901","13:51:55,294",efectivo,
bQjyyxfMtToJgocETeY2,viernes,13:28:48.998000,"13:29:09,354","13:29:29,553","13:29:33,035",efectivo,
d7OEJmujXYdhub1ArNCN,viernes,14:19:14.468000,"14:19:57,279","14:20:00,855","14:20:16,608",efectivo,
dMcF2yEX4mg9UnJJLm6y,viernes,12:54:53.611000,"12:54:55,111","12:55:08,639","12:56:03,321",Tarjeta,
dMdoBMLSNjvrAGNzfUbl,viernes,13:31:31.397000,"13:33:02,219","13:33:24,527","13:33:28,039",efectivo,
dxBvj6ZIxDhSszoGuU47,viernes,14:20:07.228000,"14:23:22,458","14:23:37,054","14:23:49,077",efectivo,
dzgnKOgPk8tjXZgviIO1,viernes,12:19:45.382000,"12:19:53,014","12:19:56,641","12:22:17,923",Tarjeta,
e6uLGTDSu1Nr2yfsd4l5,viernes,12:38:26.864000,"12:38:30,629","12:38:45,484","12:39:13,291",efectivo,
emSgHejNTTm9VfrMOQRQ,viernes,13:14:11.994000,"13:14:18,930","13:14:25,285","13:14:28,437",efectivo,
iOLDEjIz3kDIJqCZMmHW,viernes,13:18:27.936000,"13:18:29,779","13:18:42,114","13:18:47,226",efectivo,
m2t7K5lPVvJ1na7U5evg,viernes,13:33:33.713000,"13:34:06,452","13:34:20,422","13:34:26,630",efectivo,
mjfAUd8Wqe8cknmGD128,viernes,12:44:56.743000,"12:45:02,103","12:45:11,551","12:45:12,311",efectivo,
o1pzIp49yzu3qmR5AfCt,viernes,13:26:54.618000,"13:26:56,699","13:27:08,380","13:27:17,532",efectivo,
pKRdWatAOIqDsuUDMYYF,viernes,12:57:57.710000,"12:58:05,511","12:58:29,953","12:58:48,286",Tarjeta,
tnbLMUcOl74YghWqhWqd,viernes,13:11:24.949000,"13:11:30,508","13:11:32,903","13:11:55,056",efectivo,
uF0TR5vEscJuf9GfKmgh,viernes,14:19:19.588000,"14:21:20,977","14:22:12,881","14:22:55,489",efectivo,
7rKAfKzMmbd93GwIJzCo,viernes,13:52:37.752000,"13:52:41,177","13:52:59,928","13:53:04,995",efectivo,
zN5wijK6WcOLNIEhBvjX,viernes,13:54:31.008000,"13:54:35,293","13:54:39,312","13:55:00,648",efectivo,
4NUG6ryKs4i5ZYhzWzHG,viernes,13:29:36.707000,"13:29:55,864","13:30:05,381","13:30:35,709",efectivo,
1nOIWeJKWLuWq5rrwfmF,viernes,14:18:38.174000,"14:18:50,926","14:19:28,748","14:19:43,635",efectivo,
2UGKnSaYJGXm8tMujOEz,viernes,12:53:06.740000,"12:53:13,432","12:53:21,663","12:54:26,916",efectivo,
3G4KmH6zM0TJh5PxbC3z,viernes,13:16:13.445000,"13:16:42,526","13:16:43,040","13:16:46,217",efectivo,
6DRRWSTJF288YyGuRj7l,sábado,13:34:02.148000,"13:34:23,600","13:34:33,690","13:34:37,396",efectivo,
ak85UTfqz13W15PXr8ef,sábado,13:20:13.749000,"13:20:59,594","13:21:12,555","13:21:38,695",efectivo,
MGLzGzAY3g8Rb7avvOf3,sábado,12:43:49.360000,"12:44:29,436","12:45:06,712","12:45:08,033",Tarjeta,Se quedaron viendo la carta antes de pedir 
jXozFNdWnKR2qS0wCRxr,sábado,14:42:47.561000,"14:43:15,303","14:43:25,838","14:43:34,707",Tarjeta,
N2U9sPShPayCClCyCCzp,sábado,13:01:44.633000,"13:06:16,945","13:07:02,206","13:07:05,509",Tarjeta,
N3kZPp5slRE3HFnXRRsA,sábado,13:52:02.416000,"13:59:50,457","14:00:08,103","14:00:24,446",efectivo,
N7xNYQKHiCkpc0ZUF86h,sábado,14:59:35.497000,"15:04:49,634","15:05:19,784","15:05:26,770",Tarjeta,
ajJ958Q3VnqIpuuuu83o,sábado,14:06:51.040000,"14:07:02,359","14:07:24,856","14:08:11,516",efectivo,
LHNU8IK31uxqtuL8ejMj,sábado,14:32:54.308000,"14:34:27,812","14:34:35,454","14:35:07,974",efectivo,
NkI5VzI54FrowxClp9Br,sábado,13:43:37.842000,"13:46:51,311","13:47:04,308","13:47:19,416",efectivo,Cajera en cocina 
ahTj95PMMEMaTbjqq7gQ,sábado,14:30:49.943000,"14:31:33,077","14:31:15,731","14:31:59,466",efectivo,
no6ZxdzgbP7xQQPvpRvQ,sábado,13:28:10.247000,"13:30:52,257","13:31:12,889","13:31:47,145",Tarjeta,
3DudsJbOEibJZq3esEvj,sábado,14:49:48.294000,"14:52:22,669","14:52:42,400","14:52:47,509",efectivo,
PAtR1zE1f4lRxURR5EHw,sábado,14:46:24.384000,"14:47:50,555","14:48:03,816","14:48:12,413",efectivo,
nlcxMIF8FqwmPQ8oxItM,sábado,13:45:00.504000,"13:50:39,927","13:51:19,095","13:53:53,465",bono,"Explicación de los helados por la cajera, el datáfono se volvió a dañar y tenían problemas para pasar el bono"
LyC08T6NdvMCSJb5o4R3,sábado,13:07:54.435000,"13:10:56,753","13:11:46,527","13:12:38,678",Tarjeta,Se volvió a trabar el datáfono 
b1aykMsnhtzC9jXQSaKd,sábado,14:36:33.310000,"14:37:09,180","14:37:27,140","14:37:34,259",efectivo,
nZfiJdZf8lMiYmpsQbOq,sábado,14:58:49.661000,"15:03:44,532","15:04:08,807","15:04:35,774",efectivo,"Nuevamente la cajera se fue, y llegaron como 5 a la vez, justo 1 minuto antes de las 3, dioooossssss, donde esta  la cajeraaaaaaa"
pkhuJ3qXcAJrbvxNIlSj,sábado,13:26:26.487000,"13:27:52,000","13:28:12,831","13:28:49,957",Tarjeta,
HkYBb1IMKK1Ew2fTcUIO,sábado,14:14:20.399000,"14:14:22,294","14:14:34,013","14:14:41,653",efectivo,
I6pV2VT588P4exiHQXId,sábado,13:17:05.334000,"13:19:32,685","13:19:41,272","13:19:52,681",Tarjeta,La cajera se demoró por estar en cocina 
3Tawoq687kmGkcKDDNz6,sábado,13:30:43.006000,"13:31:52,134","13:32:06,010","13:32:33,097",Tarjeta,
byX6dTUSCBZqTsbICr31,sábado,12:59:00.631000,"13:02:58,844","13:03:35,215","13:06:09,040",Tarjeta,Se acabó el papel del datáfono 
isH6JhfpHLmI7VGA1rgz,sábado,13:54:46.224000,"14:01:38,231","14:02:21,263","14:02:47,494",Tarjeta,
IaJtEWv0Qf3cquyPcbF3,sábado,12:52:27.790000,"12:53:31,353","12:53:40,660","12:54:04,493",efectivo,
IhhFN49F4cV8520wlXvY,sábado,13:05:34.865000,"13:10:22,516","13:10:38,510","13:10:51,953",Tarjeta,
KoISZs4iQgo1lWYr8mrG,sábado,12:11:45.263000,"12:12:32,075","12:12:40,577","12:12:53,167",Tarjeta,
IyHe4wyfQUHVH4nKVKsQ,sábado,14:48:26.525000,"14:50:18,546","14:50:48,052","14:51:01,239",Tarjeta,
JFcWpwUI8nAnG77c9nVH,sábado,14:32:46.400000,"14:33:11,308","14:33:27,207","14:33:44,171",efectivo,
JLFMcmtmldqLxiPNVo6R,sábado,12:08:33.296000,"12:10:53,576","12:11:08,575","12:11:21,199",Tarjeta,
JUoyqBem8730ohLoJEzq,sábado,12:04:10.726000,"12:05:05,650","12:05:16,994","12:05:22,647",efectivo,
bNWjliF7xwCKBBdtayHp,sábado,14:45:04.287000,"14:45:23,462","14:46:01,668","14:46:19,439",Tarjeta,
b9CXiWdyrITRR2FPKB0k,sábado,13:40:40.830000,"13:41:31,152","13:41:43,212","13:41:49,398",Tarjeta,
PUlvXIew1PKB4uefYPjH,sábado,13:55:06.390000,"14:02:50,211","14:03:02,272","14:03:18,516",efectivo,Eran viejitas entonces me movieron lento de la fila
aeqF9aFIQXuMmOEVYwKC,sábado,12:48:36.916000,"12:49:09,595","12:49:35,679","12:51:32,492",Tarjeta,
hxYES5nbd3vZSeYE6Urt,sábado,14:42:24.391000,"14:42:30,528","14:42:38,574","14:42:50,364",Tarjeta,
Tx33s47He11sFs7tn6At,sábado,14:13:23.396000,"14:13:48,214","14:13:55,367","14:14:16,715",Tarjeta,
lVV8E4rWP0xkEwWvkJ1m,sábado,14:48:39.241000,"14:51:38,725","14:52:03,753","14:52:19,379",Tarjeta,
2zNL8PaWYfzkERNuCLGd,sábado,12:51:41.290000,"12:52:13,559","12:52:37,930","12:52:42,416",efectivo,
UQgaEiqbxRpYFAxlYV3Y,sábado,13:38:23.137000,"13:38:37,815","13:38:46,498","13:38:52,576",efectivo,
YafMFiwCihdR5DGVrV3h,sábado,14:24:48.671000,"14:24:50,624","14:24:52,503","14:25:03,307",efectivo,
VOqAK7PvvT0EFfPD7jvy,sábado,14:32:52.988000,"14:33:59,879","14:34:03,785","14:34:23,764",efectivo,
VTCmfwEUFVvmTtTPsyHD,sábado,12:14:13.640000,"12:14:27,281","12:14:53,048","12:15:07,925",efectivo,
VhfZS6zwSCVsINb419fJ,sábado,12:22:05.793000,"12:22:15,509","12:22:25,736","12:22:46,381",efectivo,
l5ONO0tCin8vDhRDeQsL,sábado,13:44:51.136000,"13:49:12,405","13:49:32,652","13:50:35,626",efectivo,Se trabó el sistema al momento de subir el pedido 
WAPOCh4pBvVUgiYY4k1w,sábado,14:39:26.631000,"14:39:34,282","14:40:12,251","14:40:35,975",efectivo,
WcX1yyDIwAZSPSehXVjz,sábado,14:05:45.095000,"14:05:46,327","14:05:49,810","14:06:02,021",efectivo,
l0twmRubOXi01LRDhaEP,sábado,13:03:06.464000,"13:08:38,623","13:09:22,725","13:09:33,318",Tarjeta,"El niño ya había pedido un helado pero no le gustó, entonces lo botó y pidió de nuevo :("
XLrCXeOGohPZukRTWJ3M,sábado,14:51:33.017000,"14:52:51,557","14:53:01,104","14:53:17,892",efectivo,
k5hxF9ugue43wkAiSMZx,sábado,13:47:14.195000,"13:53:57,226","13:54:10,221","13:54:23,077",efectivo,
Xrshrviqm5iJGZdRLeL6,sábado,14:07:40.484000,"14:09:00,463","14:09:05,642","14:09:12,132",efectivo,
kdSo6ZhvjzWRL0GfghgG,sábado,13:35:23.176000,"13:35:44,995","13:36:48,623","13:36:58,432",efectivo,Le cajera explicó toda la carta
32hrMrZnJMqtCSAtS3Hp,sábado,13:22:11.054000,"13:23:07,776","13:23:42,398","13:24:10,934",Tarjeta,
04TaWTyYlwHFb1W50Hiq,sábado,14:36:34.923000,"14:37:40,323","14:37:44,665","14:38:01,070",efectivo,
QN9lXnZwDcw3fZwVZyc5,sábado,14:48:28.739000,"14:51:05,376","14:51:13,084","14:51:35,340",Tarjeta,
ZGVeiNm6y0nK8OiZDCQr,sábado,13:35:16.922000,"13:35:19,053","13:35:33,865","13:35:37,823",efectivo,
QTeXPoW7Luh9FcqP9B3o,sábado,14:33:42.077000,"14:35:29,121","14:35:55,771","14:36:03,975",efectivo,
1Hyc9te0Sg2HgWNeFaqk,sábado,13:54:18.941000,"14:00:26,595","14:00:50,192","14:01:28,450",efectivo,
aCtOaw0CGtQlFkmwu1DY,sábado,12:13:35.511000,"12:13:44,867","12:13:52,578","12:14:22,512",Tarjeta,
2Xlgz810hYTS4RYrQo4n,sábado,13:10:44.363000,"13:13:38,722","13:13:50,937","13:13:54,606",Tarjeta,
mIGjYE2JOvv1p7EmPFon,sábado,14:34:16.278000,"14:36:08,338","14:36:16,449","14:36:29,969",Tarjeta,
S1Irs59Tglkyx3qrLQO0,sábado,12:48:17.389000,"12:48:20,658","12:48:26,027","12:48:53,597",efectivo,
S1ksT6odOL26qxHO3a1j,sábado,14:28:57.971000,"14:29:59,757","14:30:04,787","14:30:08,171",efectivo,
mFFn1TmxZoqfv4rQMTTl,sábado,13:49:48.155000,"13:57:03,267","13:57:34,055","13:57:41,375",efectivo,
SV0hKJV4QxOjUZGYgweC,sábado,14:09:57.301000,"14:11:55,758","14:12:05,587","14:12:23,955",Tarjeta,
Zfiv6Txe9c2SjG06SwsX,sábado,12:12:34.945000,"12:13:05,508","12:13:17,767","12:13:23,837",efectivo,
SasjimhVmfcsKhuaOlj9,sábado,14:46:39.198000,"14:48:56,790","14:49:07,092","14:49:34,187",Tarjeta,
SenlQppFcHMmKXb3piOE,sábado,12:03:04.360000,"12:04:02,753","12:04:16,912","12:04:49,798",Tarjeta,
ShOTr7gQHgHvWUJMarpG,sábado,14:09:19.183000,"14:10:57,494","14:11:33,527","14:11:51,758",Tarjeta,
lnFOqdhevRvq3Gr5ZfMQ,sábado,14:10:42.287000,"14:12:30,233","14:12:47,135","14:12:56,113",efectivo,
TYG9sIAfLzCfRWhGCI6I,sábado,13:27:50.417000,"13:29:39,058","13:29:47,269","13:29:49,117",Tarjeta,
kYHwksMXe0TqwWJmaGbf,sábado,12:55:18.445000,"12:55:21,246","12:55:56,857","12:56:30,218",bono,
YEXN1bZSbVQAnSQHZbva,sábado,14:40:39.943000,"14:40:48,501","14:41:09,755","14:41:29,362",Tarjeta,
d8RSMOXt1qcYUhlRgA3Y,sábado,15:00:11.356000,"15:05:51,663","15:05:58,049","15:06:21,517",efectivo,
BjcqXWiEPQNpdKUhUdnP,sábado,13:49:22.541000,"13:54:26,943","13:54:52,361","13:59:47,057",Tarjeta,"La señora cogio el datáfono y lo manipuló ella, no la cajera y aparte se volvió a dañar jajajaja. Se dañó una segunda vez y la señora terminó pagando después mientras llamaba a alguien "
DeYzeaWu1a1b1vZI9vwZ,sábado,13:34:44.146000,"13:34:59,045","13:35:05,298","13:35:08,196",efectivo,
uLfk8JTj9ACQC01WkSNX,sábado,13:51:53.042000,"13:57:44,210","13:58:30,357","13:59:24,526",efectivo,
DSnerjmuG2IL4U3tLkrM,sábado,12:52:18.029000,"12:52:45,783","12:53:03,380","12:53:29,219",Tarjeta,
HDZOLOliYVfihJ1ueFhJ,sábado,12:19:10.633000,"12:19:15,637","12:19:22,710","12:19:35,329",Tarjeta,
D6yEwD3zgewWscm4C8T7,sábado,12:37:54.956000,"12:37:57,376","12:38:09,637","12:38:21,183",efectivo,
veddK4v3T6nJwgbNl9p9,sábado,13:34:30.375000,"13:34:41,426","13:34:51,172","13:34:52,923",Tarjeta,
CfcbL08jTXOeP4fFLPrp,sábado,14:38:09.671000,"14:38:19,871","14:38:37,863","14:39:22,601",efectivo,
CTADy7klCX0IwspsQcJE,sábado,14:44:18.872000,"14:45:02,966","14:45:07,913","14:45:17,803",Tarjeta,
eT8anTWunJlfoHiKV2Zk,sábado,14:44:02.344000,"14:44:09,569","14:44:14,172","14:44:35,065",efectivo,
CSrXbOed9xALaLMejDfI,sábado,14:16:35.824000,"14:16:37,061","14:16:42,970","14:17:25,424",Tarjeta,
vfzlKn5N5TaSYh831SxS,sábado,14:53:40.308000,"14:55:18,679","14:55:35,691","14:55:46,094",efectivo,"No se a donde se fur la cajera, la cola no avanza por un rato, parece que se habia quedado sin sencillo"
C4nLjSdlCnVX2W0TzzCn,sábado,13:13:17.366000,"13:14:31,044","13:14:46,138","13:15:02,200",Tarjeta,
C4jaMWBFv4bWyQXqab1L,sábado,13:08:53.230000,"13:12:46,262","13:13:19,883","13:13:33,328",efectivo,
ycPLnKUePtMQCdITrIIO,sábado,12:14:44.612000,"12:15:13,197","12:15:29,723","12:16:10,692",efectivo,Una bebé estaba llorando porque no quería hacer fila kajajaja
7WaJy4lx4BucuPJPAMwF,sábado,14:46:28.234000,"14:48:31,129","14:48:47,639","14:48:52,992",efectivo,
7uvngesv7HPe6KLSsqs6,sábado,15:00:12.953000,"15:06:57,046","15:07:05,630","15:07:25,542",efectivo,"Ya, aqui corto por hoy"
BJQqwgpwEMJvsyZ2ynt6,sábado,12:11:24.164000,"12:11:30,487","12:12:15,860","12:12:16,817",Tarjeta,
AkbN09pxuoVLQoT9IiPY,sábado,13:28:01.686000,"13:29:50,549","13:29:56,920","13:30:47,943",Tarjeta,
ASPl0jMPrtwlsUVbmoRe,sábado,13:18:34.557000,"13:20:40,547","13:20:52,508","13:20:57,860",efectivo,
A9y1R1hpSf2wuJ8RnvnS,sábado,14:07:03.649000,"14:08:17,310","14:08:51,747","14:08:55,753",efectivo,
wq0nFaygSplOEJuq2hA3,sábado,14:27:35.026000,"14:28:33,361","14:28:38,709","14:28:53,578",efectivo,
x3Ir4fo7NvkOoQDa3BXb,sábado,13:40:03.667000,"13:40:21,421","13:40:42,698","13:41:00,363",efectivo,Cajera estaba en cocina
9qpu6Pxi2GeIFBZt0lhj,sábado,12:27:14.007000,"12:27:15,735","12:27:23,797","12:27:46,785",efectivo,
daSojTAdNUJG05IgmjRd,sábado,14:41:18.967000,"14:41:35,240","14:41:49,640","14:42:17,935",efectivo,
xOyjjzoH8QzK47RXlH46,sábado,14:45:29.472000,"14:46:25,423","14:46:30,860","14:47:42,098",efectivo,La cajera fue a buscar una bomba para el niño
xuIWldpyrD30fTQtNc61,sábado,13:42:00.857000,"13:42:09,416","13:42:26,210","13:42:34,932",Tarjeta,
ggcM7zeNPwRK1emfRJHw,sábado,12:13:10.043000,"12:13:29,007","12:13:31,529","12:13:38,648",efectivo,
gC2TBzIb7qSxpY3wjsTm,sábado,12:01:08.102000,"12:03:10,524","12:03:22,055","12:03:27,545",Tarjeta,
1qo668xGA89UB1LM9FF8,sábado,12:06:47.407000,"12:09:29,103","12:09:35,340","12:10:08,984",efectivo,Se demoró porque la cajera estaba apoyando en cocina 
8XG94MZh7Wn7OnE2H1iB,sábado,14:28:32.143000,"14:29:00,196","14:29:24,789","14:29:31,362",efectivo,
hD7AsYXtnPm1S8HrbfMt,sábado,13:27:45.228000,"13:28:54,042","13:29:17,750","13:29:30,957",Tarjeta,
yUKroARjMPOo9Ow2G2j2,sábado,15:00:12.138000,"15:06:25,315","15:06:39,017","15:06:50,692",efectivo,
DnOgM7hWvFMhcZDCKFoi,sábado,13:32:53.880000,"13:33:55,332","13:34:05,622","13:34:18,460",efectivo,La cajera se demoró por estar en cocina
sepSl2f1RTfseB1WGFec,sábado,12:56:43.428000,"12:56:47,510","12:57:25,871","12:57:35,290",efectivo,Ya estaban comiendo helado y vinieron por más helado D:
6PQM22NKP8xekpo2GebQ,sábado,14:02:06.738000,"14:03:32,180","14:03:45,183","14:04:04,902",Tarjeta,
heIrRnw2GJUs9WMdViz1,sábado,14:09:15.713000,"14:10:17,091","14:10:36,889","14:10:52,556",efectivo,
H0aiiQKC6uRXUS7sxewO,sábado,13:20:44.852000,"13:21:53,537","13:22:34,771","13:23:02,725",efectivo,
d22pEbYKJycZzug2W4oY,sábado,14:59:45.334000,"15:05:30,551","15:05:41,575","15:05:48,286",Tarjeta,
GfsrPv5QloxBft8T9f2z,sábado,14:24:05.607000,"14:24:08,000","14:24:27,402","14:24:42,849",efectivo,
zL0wggXkCjO0jjqFYNS3,sábado,14:05:48.085000,"14:06:09,595","14:06:37,489","14:06:56,212",efectivo,
rM2wRAIzZfKZ6aCYK1gN,sábado,13:01:58.364000,"13:07:08,672","13:08:13,742","13:08:35,687",Tarjeta,Pedido de 7 personas
rNot0R9pDHKy3CaRajse,sábado,12:06:27.124000,"12:08:59,281","12:09:02,299","12:09:04,482",efectivo,Se demoró la atención porque la de caja estaba apoyando en cocina 
rtDhoq3GgkQlKJomymRb,sábado,14:17:31.782000,"14:17:39,051","14:17:49,718","14:17:58,201",Tarjeta,
s3VhWCx2ckQiiPXWkiO6,sábado,12:42:37.930000,"12:42:40,414","12:42:48,645","12:42:50,579",efectivo,
G0wbH2TBWiolZX4xJkZa,sábado,12:49:53.208000,"12:51:45,271","12:51:48,290","12:51:53,426",Tarjeta,
d2rRnBCDeFpZPMjJQLmE,sábado,14:48:01.858000,"14:49:45,619","14:49:55,810","14:50:07,041",efectivo,
FoRG91Z36s3ijM0hLH9L,sábado,13:40:35.890000,"13:41:03,448","13:41:14,689","13:41:25,816",efectivo,
sVt7U3gOVorYSa4bc8RN,sábado,13:37:25.082000,"13:37:25,913","13:37:47,264","13:38:35,063",Tarjeta,
2P8KRRtvD4G6SuTlAvv6,sábado,12:50:55.200000,"12:51:54,911","12:52:07,387","12:52:10,774",efectivo,
tYymxJ8985QfM2YCVnmY,sábado,13:13:13.601000,"13:13:59,826","13:14:15,304","13:14:28,410",efectivo,
spt2Aqb0vHpUDbnQKT9j,sábado,13:05:10.617000,"13:09:36,886","13:09:40,490","13:09:58,616",Tarjeta,
FNSG526n3f3gUEP81nNW,sábado,12:19:31.263000,"12:19:38,637","12:19:57,336","12:20:11,659",efectivo,
FIb2ALXUMUTrsdwqbs9y,sábado,14:26:05.001000,"14:26:31,373","14:26:55,522","14:27:25,345",Tarjeta,
FGjJ31YtZ342frFpQF1q,sábado,13:44:09.243000,"13:47:24,120","13:47:35,094","13:49:08,804",Tarjeta,Tocó insertar la tarjeta porque no pasó por NFC y se volvió a dañar el datáfono 
sz3vnTypMXyOYMscrrXR,sábado,14:15:17.971000,"14:15:19,797","14:15:38,085","14:15:44,653",efectivo,La cajera le esta
hWcUr9rDRzLWm6IfTxpg,sábado,12:58:51.594000,"13:00:21,780","13:01:04,057","13:02:56,523",efectivo,La cajera se demoró porque estaba apoyando en cocina
fBxtODZlFdxECH1TfGTo,sábado,12:04:12.498000,"12:05:29,036","12:05:34,853","12:05:40,458",efectivo,
EaNCykVQWn692KrTUpML,sábado,14:08:16.084000,"14:09:20,322","14:09:48,022","14:10:06,727",Tarjeta,
EaGMC7pF3ZYVfGYpqskE,sábado,14:20:13.717000,"14:20:33,942","14:21:17,201","14:23:08,262",Tarjeta,
ESq6Z0gDeLt9mpX6OWsp,sábado,12:47:08.598000,"12:47:22,844","12:47:26,058","12:47:45,113",efectivo,
EQ8Gb5R8ZMyTF1BnJY8o,sábado,12:08:30.945000,"12:10:12,430","12:10:46,398","12:10:49,376",Tarjeta,
EO6cg56iXyGRlZBLbKb5,sábado,14:27:19.767000,"14:27:34,075","14:27:56,607","14:28:09,155",Tarjeta,
tMxC0CUEywJXvLBp7ya6,sábado,14:34:32.996000,"14:36:36,038","14:36:45,502","14:37:04,647",Tarjeta,
fn5LWxXpreb2IHrIHJaM,domingo,14:07:15.584000,"14:09:13,670","14:09:31,235","14:09:43,230",efectivo,
hw79ZxfuAOTPNMndFzen,domingo,13:37:24.046000,"13:37:27,867","13:37:46,014","13:37:53,970",efectivo,
h5MNS9zjysWrsSBZUAoH,domingo,14:41:11.070000,"14:46:48,833","14:47:05,612","14:47:19,499",Tarjeta,
fto70APgkTQTtTrt4zfl,domingo,14:01:57.998000,"14:05:30,427","14:05:46,154","14:06:05,544",efectivo,
giRncRax62eSjHPaCZyM,domingo,13:52:15.859000,"13:55:48,627","13:55:57,787","13:56:10,210",efectivo,
gn5mLwIuPUWA7EoZrQOc,domingo,14:09:56.707000,"14:11:45,395","14:12:19,997","14:12:56,602",Tarjeta,
juL9mEiOovWXpR0LFNTm,domingo,13:20:43.188000,"13:23:47,958","13:24:17,555","13:24:57,631",efectivo,
h32twg6t01n4yplcosAm,domingo,12:33:13.626000,"12:34:22,513","12:35:09,662","12:35:28,670",efectivo,
jbCdVL0eUpAraVHdqYnM,domingo,11:54:26.253000,"11:55:40,913","11:55:54,917","11:56:57,156",efectivo,
j3jessTow1t8IquCFk0x,domingo,12:10:49.788000,"12:11:10,867","12:12:45,051","12:12:59,482",efectivo,
iotpJmFvk9uRsyPfwmp6,domingo,13:12:42.081000,"13:15:00,773","13:15:08,282","13:15:21,112",efectivo,
1lU0vWoCD3kMsmo9T0xE,domingo,14:47:31.805000,"14:54:27,675","14:54:58,224","14:55:37,846",efectivo,
oiCByUTjZgMA7H1NkLXi,domingo,13:01:08.196000,"13:01:24,023","13:01:46,466","13:02:07,207",efectivo,
ksdfQgybGNZ1yTRJNd2G,domingo,13:03:33.822000,"13:03:35,070","13:03:50,682","13:04:07,323",Tarjeta,
wYzWaDvYAJzEm87ARPgY,domingo,11:50:19.556000,"11:51:02,636","11:51:47,779","11:52:08,531",efectivo,
rL3Bkl4SNBH1WORr2LY1,domingo,13:17:20.589000,"13:17:51,456","13:17:55,824","13:18:18,874",efectivo,
rLAGu93XKfxiEauTSstO,domingo,13:03:40.233000,"13:06:29,076","13:06:53,529","13:07:13,208",Tarjeta,
sFxbhXxCF7wEhRsheBCG,domingo,14:08:20.540000,"14:10:13,356","14:10:28,145","14:10:54,219",Tarjeta,
sfDi2byj3gN9RfVJYNaC,domingo,14:18:14.540000,"14:19:24,476","14:19:34,251","14:19:54,926",efectivo,
tJ0VgEJAhoxGJQaJT5xM,domingo,14:50:00.221000,"14:59:02,188","14:59:18,830","14:59:21,919",efectivo,
0XcsNZybzSsdMHzwp64s,domingo,14:46:54.357000,"14:54:02,515","14:54:07,839","14:54:24,998",Tarjeta,
0N8qc4zVjxnNlhDYoD1K,domingo,13:34:27.499000,"13:34:30,812","13:35:34,541","13:35:58,580",Tarjeta,
uWNgnY8Yclp7Eyd484YE,domingo,14:51:51.026000,"14:59:50,494","15:00:02,826","15:00:09,744",efectivo,
uijq6ANOfHCsdyMQU7z7,domingo,14:42:10.761000,"14:49:20,876","14:50:05,064","14:50:30,066",efectivo,
wdSdsNjrO5kaul3mQveC,domingo,14:14:54.989000,"14:15:27,115","14:15:35,548","14:15:43,520",Tarjeta,
lJ4FEZgIBsvrw2D61pFp,domingo,14:15:31.142000,"14:17:24,356","14:17:29,196","14:17:42,312",efectivo,
x7mwXY7FzJ62YEAx098e,domingo,14:52:31.447000,"15:01:03,391","15:01:21,476","15:02:01,805",efectivo,
xwr5oiJVhFc5HCSrEC9S,domingo,13:13:56.113000,"13:15:28,339","13:15:32,708","13:15:51,383",efectivo,
y0uFwNHESwhVSWHRGx6n,domingo,14:24:14.998000,"14:30:57,475","14:31:15,575","14:31:35,321",Tarjeta,
y6Ie69rdmXT7Ne3xw0mf,domingo,13:06:47.339000,"13:13:01,251","13:13:15,372","13:13:20,677",Tarjeta,
yETXVslABlxiJCeubW1x,domingo,13:47:04.722000,"13:49:23,680","13:50:37,306","13:50:59,471",Tarjeta,
yhLetVIPnVXlsDXSY1nx,domingo,14:12:52.915000,"14:14:15,381","14:14:23,728","14:14:37,023",efectivo,
z7fGIrDNFtyUnRR5kH4a,domingo,14:39:19.560000,"14:45:23,595","14:46:20,017","14:46:41,098",efectivo,
zCEuSsQzu5I7T4OHeram,domingo,12:56:16.197000,"12:56:22,465","12:56:25,107","12:56:40,281",efectivo,
zDdDb5fHzdd7AyuFzhDA,domingo,13:36:07.781000,"13:38:28,111","13:38:50,933","13:39:26,635",efectivo,
rIAFV27GyTnVEy1zHoLO,domingo,14:51:59.293000,"15:00:20,603","15:00:31,559","15:00:52,506",efectivo,
r28Cy2hweoFlSWHF5fw4,domingo,14:21:08.521000,"14:24:51,119","14:25:01,656","14:26:26,956",Tarjeta,
qohFK2g2jxECotHRHkZ1,domingo,11:40:45.243000,"11:41:09,863","11:41:37,239","11:41:50,763",Tarjeta,
qWw8teTZ29k8GjeRZYME,domingo,14:22:19.183000,"14:27:48,427","14:27:56,438","14:28:10,732",Tarjeta,
lS3GaXyqoC5iPY8hP4BD,domingo,11:59:11.380000,"12:00:35,991","12:01:00,302","12:01:12,866",Tarjeta,
llYIofjVVQK3a9A02e0A,domingo,14:48:04.169000,"14:57:01,593","14:57:30,192","14:57:37,417",Tarjeta,
1OQsJ83tbjXtzJv0UaBY,domingo,14:15:01.982000,"14:15:54,376","14:16:54,060","14:17:18,276",Tarjeta,
mJrvzQVheoWHKdIGug1R,domingo,14:51:19.901000,"14:59:27,056","14:59:35,147","14:59:46,604",efectivo,
mKq1ZTwFpOyOWki7sOcD,domingo,13:26:01.287000,"13:27:21,306","13:27:46,446","13:28:06,875",efectivo,
mQ2z7B7ofVDWMlazwRIx,domingo,12:18:19.556000,"12:19:14,514","12:19:40,405","12:19:57,703",efectivo,
n9ZnJcinzN7pJSkDf89c,domingo,12:49:06.330000,"12:53:29,344","12:53:47,142","12:54:13,894",Tarjeta,
nzcXNpPIRbBmUzmC0mZJ,domingo,13:46:39.357000,"13:48:39,637","13:49:06,187","13:49:14,135",efectivo,
1BZm9v4e9CuhHVMLia1s,domingo,13:37:39.962000,"13:39:42,144","13:40:10,787","13:40:25,589",Tarjeta,
ocdiXWF1W5twrDXWKUWc,domingo,12:41:06.896000,"12:41:11,314","12:41:44,096","12:42:04,154",efectivo,
ofHDBDavliDc7HUCIVgB,domingo,11:49:45.621000,"11:48:52,951","11:49:06,656","11:49:25,669",Tarjeta,
ewiAsJKf48u8hJYaKZwb,domingo,14:18:03.602000,"14:18:27,052","14:19:06,593","14:19:19,814",efectivo,
onqQF6YGYRD8TIl5McR2,domingo,13:14:23.461000,"13:15:56,082","13:16:08,868","13:16:25,255",Tarjeta,
p9kZ1rlFOC4lRS8EXGBd,domingo,12:40:01.089000,"12:40:02,269","12:40:21,376","12:40:33,446",efectivo,
0p4HsetcIPIMatEltAM4,domingo,12:09:06.957000,"12:10:44,196","12:10:54,449","12:11:02,626",efectivo,
pLpNZ4uWLHYNsicRzl57,domingo,12:57:16.759000,"13:00:25,344","13:00:54,104","13:01:20,727",efectivo,
pqFzh0rUauAPbgz7XfIz,domingo,12:09:00.558000,"12:09:55,521","12:10:21,306","12:10:37,620",Tarjeta,
pr5fJyWRrnxp7JgrZZnY,domingo,13:05:02.104000,"13:11:20,531","13:11:23,483","13:11:44,980",efectivo,
qPxGpzR7mGHnWZ4KLJ0T,domingo,14:05:17.860000,"14:06:07,246","14:06:46,151","14:07:03,983",efectivo,
f4uq4hQeXXDem76qd2pn,domingo,14:30:14.541000,"14:37:01,184","14:38:10,128","14:38:14,644",Tarjeta,
YAq7Y3q1Zd1ac3ZEGRWW,domingo,13:52:27.084000,"13:56:14,503","13:56:35,767","13:56:44,829",efectivo,
eubVnCyAX3x4melh4BU3,domingo,13:21:02.860000,"13:25:05,375","13:25:06,930","13:25:30,722",Tarjeta,
3oZynHJsbBEGo1Cb8ebC,domingo,12:29:56.599000,"12:32:07,321","12:32:38,977","12:33:08,827",efectivo,
EMeaAAJzqCTacX4crTOj,domingo,14:35:24.127000,"14:41:20,609","14:41:41,520","14:42:18,889",efectivo,
EfhF1RQJzvdcBYT5GN7m,domingo,13:46:12.262000,"13:48:10,186","13:48:32,636","13:48:36,223",efectivo,
FEc3kh9uHAIqqhRLNmKs,domingo,13:54:05.519000,"13:56:46,638","13:57:04,139","13:57:15,859",Tarjeta,
FPWGpMP5k3waN27TJ4GR,domingo,13:16:30.553000,"13:17:10,132","13:17:22,618","13:17:28,152",efectivo,
FUAo7v2j8CFEctOwgxm6,domingo,12:44:08.203000,"12:44:29,955","12:45:31,251","12:45:42,928",efectivo,
FduCaLMcJiKat9Vm80fn,domingo,13:40:30.760000,"13:41:10,683","13:41:24,943","13:41:36,308",Tarjeta,
FigmmO8wlWmvH5KJltKO,domingo,14:32:56.118000,"14:39:46,333","14:39:53,956","14:40:17,329",efectivo,
Fv71rpDwyxS4kVjw6NFM,domingo,11:48:06.217000,"11:49:30,319","11:49:42,761","11:49:52,903",efectivo,
4McLdGPPPoiigFTVjKr2,domingo,14:01:41.469000,"14:03:09,675","14:03:27,705","14:04:29,463",Tarjeta,
GGVdKISSZNLrPx3OHJXm,domingo,14:41:48.413000,"14:48:43,960","14:48:52,186","14:49:16,349",efectivo,
GR3FPB9n31cjH7mDvktS,domingo,14:46:17.029000,"14:53:40,155","14:53:46,987","14:53:58,350",efectivo,
DmomA6Z3wjQISa97Wo3N,domingo,14:23:37.024000,"14:29:17,168","14:29:29,831","14:29:47,086",Tarjeta,
GgrvvDElWBLoYDbkOiWT,domingo,13:24:05.380000,"13:25:39,503","13:25:44,794","13:25:47,581",efectivo,
H2yJN5zUxfhjUbdERRYg,domingo,12:48:00.385000,"12:48:16,714","12:49:49,163","12:49:51,313",efectivo,
HEYjpFbqzR4XnKuBkunS,domingo,13:05:00.438000,"13:10:52,276","13:11:00,445","13:11:09,744",efectivo,
HFfkm5n9DBeIND3qfLrg,domingo,13:34:34.211000,"13:36:54,619","13:37:04,482","13:37:18,859",Tarjeta,
3dFJ5SKZ0JtpOIyzn7l9,domingo,11:39:02.989000,"11:40:12,191","11:40:59,634","11:41:07,246",efectivo,
HowI24SQxFJd8BDLnT7l,domingo,13:52:08.846000,"13:54:29,659","13:54:58,499","13:55:29,660",Tarjeta,
IFP1W28kuC4LDaXz4bXn,domingo,13:06:49.406000,"13:13:25,074","13:13:33,596","13:13:44,965",efectivo,
IHz8wzYE0Zdteq8mWLTG,domingo,13:49:35.330000,"13:51:57,605","13:52:34,296","13:53:07,974",Tarjeta,
IRXidMQ8qZgk7OeH1QHa,domingo,11:48:33.512000,"11:49:56,941","11:50:02,142","11:50:09,034",efectivo,
Ic8LtfORNSwXVFMaJX2V,domingo,14:44:32.912000,"14:51:08,360","14:51:13,167","14:51:32,580",efectivo,
Dtf3WIHvGcONpG8MUwLz,domingo,13:14:25.728000,"13:16:34,043","13:16:51,834","13:17:05,082",efectivo,
DgvnEIEZ1V2qzxORdGql,domingo,13:40:33.025000,"13:41:40,939","13:42:03,165","13:42:11,691",Tarjeta,
emSqXekhTifdocr4Ngz2,domingo,14:13:50.411000,"14:14:46,451","14:15:13,629","14:15:23,487",Tarjeta,
92nEH8mheoTyRgeE6Dw7,domingo,12:46:47.132000,"12:47:17,246","12:47:21,340","12:47:35,893",efectivo,
6RXl3EDfBA13zcSIgzM6,domingo,14:25:36.166000,"14:32:20,028","14:32:31,500","14:32:45,539",efectivo,
6Tod2DP4rQH9YQNGf5E1,domingo,12:57:05.354000,"12:57:24,007","12:58:22,876","13:00:24,450",Tarjeta,No le pasó las primeras veces y cambio de tarjeta 
6hY4wKAYQaey3MXnssAU,domingo,14:26:05.667000,"14:32:52,896","14:33:41,382","14:34:00,511",Tarjeta,
6kT0L0jRuloVIFBxaBMk,domingo,14:23:15.450000,"14:28:17,831","14:28:25,278","14:29:11,103",Tarjeta,
6oku2KKPZZ1e5MnaQM1o,domingo,12:40:41.324000,"12:40:44,273","12:40:56,558","12:41:09,468",Tarjeta,
7OG1rcnUuvzh0bUuFTAh,domingo,13:47:21.889000,"13:47:23,978","13:48:00,384","13:48:05,070",Tarjeta,
5ZjGFYGntU4mqTd01Zev,domingo,13:06:21.051000,"13:11:49,402","13:11:56,047","13:12:06,276",efectivo,
7vLI3uz51xmG57rRG2i0,domingo,14:01:53.291000,"14:04:37,488","14:04:42,983","14:05:25,636",Tarjeta,
8ooLDLT1TKB6SkkeVfkh,domingo,13:03:37.010000,"13:05:39,463","13:06:07,365","13:06:23,235",efectivo,
8uaZXaEWB8v5pOYDcUBo,domingo,13:50:07.399000,"13:53:13,279","13:53:41,154","13:53:57,923",efectivo,
9E13lACJuBzFxqBpkPkp,domingo,14:11:15.071000,"14:12:58,356","14:13:18,748","14:14:11,239",efectivo,
DVJ8WpCiA6QrR27BZtA2,domingo,14:19:48.951000,"14:20:34,660","14:20:57,062","14:21:24,127",efectivo,
9I2ZgmrNfv4rWsccsnci,domingo,13:34:29.059000,"13:36:03,421","13:36:21,827","13:36:45,509",Tarjeta,
9bXiPTZPGDBMV6JwSvIX,domingo,14:38:29.657000,"14:43:41,773","14:44:38,509","14:44:41,705",Tarjeta,
9uJicsBqOCPUIWbBtsEb,domingo,13:45:15.122000,"13:45:52,227","13:46:45,838","13:47:16,241",Tarjeta,
A1bcDVVy1cYjbfqYIBkr,domingo,14:45:42.268000,"14:51:39,044","14:52:43,307","14:53:25,898",efectivo,
4aguoFbRsRi1u2J9fl4E,domingo,14:20:44.222000,"14:23:50,495","14:24:06,429","14:24:29,988",efectivo,
C1uZG5h9UWYKn3fR3smT,domingo,13:37:58.677000,"13:38:01,914","13:38:18,329","13:38:23,333",Tarjeta,
C9yeqc9OJU79cVkj181X,domingo,12:51:55.121000,"12:54:19,293","12:54:38,915","12:54:44,924",efectivo,
CwpKe5o5gbkeYPJ1MGEd,domingo,11:59:08.954000,"11:59:48,271","12:00:04,825","12:00:33,668",Tarjeta,
DAG9S6ko6p39LbIRjUAx,domingo,14:06:03.298000,"14:08:45,744","14:08:48,802","14:09:09,466",efectivo,
DO22vLufxMJBep1oNat0,domingo,13:06:46.161000,"13:12:35,202","13:12:47,559","13:12:56,066",efectivo,
JuDZ7RVQXxMhKeKsG7ri,domingo,12:47:32.243000,"12:47:42,093","12:47:54,789","12:48:14,146",Tarjeta,
K4AtpGn0pZGBAEgGBt0i,domingo,13:11:40.860000,"13:14:31,489","13:14:39,273","13:14:56,604",efectivo,
K8h5pWEFwmsoMt52XcH3,domingo,14:21:30.925000,"14:27:09,587","14:27:35,663","14:27:47,044",Tarjeta,
cjvEfGsirQP7vhPTG9oQ,domingo,13:28:02.815000,"13:28:55,952","13:29:22,442","13:29:59,202",efectivo,
YKEPa9emsbnEDx97t46P,domingo,13:49:30.333000,"13:51:09,753","13:51:26,066","13:51:49,023",efectivo,
YZ12uc3KEeyNpVABjDNR,domingo,13:03:54.775000,"13:07:32,360","13:08:10,140","13:10:44,890",bono,
2UvvLBsDTyS9WUDnzswV,domingo,13:10:54.767000,"13:13:58,121","13:14:04,662","13:14:28,631",Tarjeta,
azQsM3cZ8cESJKrLYFda,domingo,14:15:58.022000,"14:17:46,627","14:18:15,813","14:18:20,417",Tarjeta,
azrda9OuP5oPzFugjoSi,domingo,14:47:48.966000,"14:55:42,895","14:56:20,083","14:56:55,882",efectivo,
bbmDfTBCnpiUXmY9MGm2,domingo,13:31:55.234000,"13:31:58,154","13:32:17,962","13:32:42,621",efectivo,
bt9ysYQefJeioHLSpDSS,domingo,14:26:51.255000,"14:34:24,561","14:36:24,646","14:36:55,262",efectivo,
cEPOgAcoOz1nPPcrnyeC,domingo,14:34:37.541000,"14:40:23,841","14:40:54,152","14:41:16,088",Tarjeta,
cY84Q17yhRBtAUHlpxzG,domingo,14:05:23.336000,"14:08:25,896","14:08:27,927","14:08:39,365",efectivo,
cgSZM3sZXMLhYwvJeJsY,domingo,14:26:24.775000,"14:34:06,081","14:34:12,017","14:34:19,956",Tarjeta,
cxhxGSKTm1HxXISEoJW6,domingo,13:06:44.713000,"13:12:10,955","13:12:17,148","13:12:31,416",Tarjeta,
LH0kHcG5h336Dev35zKn,domingo,14:24:24.855000,"14:31:43,903","14:31:57,655","14:32:11,892",Tarjeta,
d8MSkn2V32TEwBmI22GQ,domingo,13:54:08.895000,"13:57:19,422","13:57:28,203","13:58:01,811",efectivo,
2KcHBQngP3ra4VGlejCB,domingo,13:38:12.273000,"13:40:34,090","13:40:56,931","13:40:58,194",efectivo,Me asusté con el globo que explotó 
25E6jzcXaF1rljsF8PmL,domingo,12:19:54.626000,"12:20:41,505","12:21:05,434","12:21:25,895",efectivo,
dU1FrkzBeecLV8ziFQQW,domingo,11:41:52.870000,"11:42:01,626","11:42:40,222","11:42:43,599",efectivo,
dV1jAZYjPi63k1luE30D,domingo,14:43:05.962000,"14:50:34,482","14:51:03,281","14:51:04,787",efectivo,
dVLL06RZNYnqUJHSf9lL,domingo,12:48:39.256000,"12:49:53,119","12:53:00,544","12:53:25,246",Tarjeta,
22KmRDFVfx6Njpis6V7f,domingo,12:18:42.771000,"12:20:01,882","12:20:32,985","12:20:37,023",efectivo,
22KKFosk9n9BiptiN1o4,domingo,14:49:29.136000,"14:57:44,773","14:58:13,958","14:58:33,670",Tarjeta,
eEicUnjSqj3x0j16y2O4,domingo,14:49:36.861000,"14:58:38,318","14:58:43,449","14:58:52,419",Tarjeta,
eZlB6l98HRp6k17yPmou,domingo,14:31:52.161000,"14:39:14,725","14:39:24,313","14:39:39,420",efectivo,
5vWt9ufC6qjBByYof2GU,domingo,14:23:40.545000,"14:29:55,562","14:30:24,533","14:30:51,665",Tarjeta,
XUql8cNBcj9UAwIrdjWd,domingo,13:45:10.945000,"13:45:35,540","13:45:37,793","13:45:46,339",Tarjeta,
X2haYKOjA9JcHCLrcGbm,domingo,12:25:52.862000,"12:25:54,299","12:26:51,127","12:27:12,639",Tarjeta,
Vt2K1w16BwJzRcJkVVQb,domingo,13:20:41.487000,"13:21:41,629","13:22:11,641","13:23:44,279",Tarjeta,
3LwNP3BoLMY3MAqhocze,domingo,12:01:16.929000,"12:01:22,218","12:01:44,556","12:02:27,217",Tarjeta,
MnbowGpUw9Oh92QOw9tY,domingo,13:24:07.813000,"13:26:38,495","13:26:44,570","13:27:19,538",Tarjeta,
NJculFI9IyjR5RJJzCDU,domingo,11:34:41.424000,"11:39:17,500","11:39:50,022","11:40:04,918",Tarjeta,"Cajera estaba alistando todo antes de atender, solo 2 en servicio "
NWlZb9dfMhvgGmnwLasb,domingo,14:31:21.973000,"14:38:19,645","14:38:51,620","14:39:05,905",efectivo,
Nmg6LnA9ONf5kKoErCbV,domingo,14:10:28.243000,"14:11:07,873","14:11:28,910","14:11:40,237",efectivo,
OZL91qXB7OgEF0cRadlF,domingo,12:34:25.510000,"12:35:32,347","12:35:48,235","12:36:36,366",efectivo,
PBbhcM8nR1838brofVGe,domingo,14:18:36.580000,"14:19:56,622","14:20:26,915","14:20:31,655",efectivo,
Ph4okJnBvHgWsZv1bFML,domingo,14:41:28.666000,"14:47:27,793","14:47:35,953","14:48:40,364",Tarjeta,
PlxhS9A8cE1rYYX42RCH,domingo,12:42:41.405000,"12:44:09,010","12:44:20,270","12:44:28,085",efectivo,
QgwJJ4GKQ5TuUr1uQG78,domingo,14:08:18.194000,"14:09:50,162","14:09:59,340","14:10:08,584",efectivo,
335UR5LLvtP77ZByUG9C,domingo,14:38:47.829000,"14:44:48,122","14:44:59,026","14:45:19,663",efectivo,
QmANNGVD9VSufAneY2tw,domingo,13:23:52.376000,"13:25:51,614","13:26:04,716","13:26:33,419",Tarjeta,
QuQq7YQDRTGAdTzfJTa1,domingo,15:01:25.821000,"15:02:28,340","15:02:55,613","15:02:57,157",efectivo,
REYkgWNEUL5qrom3gbmM,domingo,14:20:03.365000,"14:22:51,875","14:23:22,388","14:23:43,052",efectivo,
SDvEBQ0OVcjQaEJJfMhC,domingo,14:05:20.533000,"14:07:09,861","14:07:29,473","14:08:09,806",Tarjeta,
SXcU7MZpMhIBuNauUxgd,domingo,13:17:33.788000,"13:17:34,718","13:17:41,179","13:17:44,936",efectivo,
T6EByzKigSotoIDkFjsl,domingo,14:21:21.717000,"14:26:32,214","14:26:39,050","14:27:03,407",efectivo,
TZMu8qLdloYKQqoxhdHb,domingo,14:38:05.348000,"14:42:23,329","14:43:30,719","14:43:37,943",Tarjeta,
U5c8wQ9JB4MOEh6APXMX,domingo,13:51:18.991000,"13:53:59,212","13:54:14,440","13:54:28,585",Tarjeta,
UBMQY0B0pMLkIhq4EYFu,domingo,13:20:18.084000,"13:21:01,027","13:21:17,614","13:21:18,599",efectivo,
UfwCK6oZu8x6wHIUCoJV,domingo,13:27:44.594000,"13:28:12,329","13:28:35,382","13:28:47,679",Tarjeta,
042KP7Ctbl7lqjiCZV9h,domingo,14:19:53,"14:21:27,748","14:22:32,383","14:22:47,318",efectivo,
